logFC,logCPM,F,PValue,FDR,EntrezID,Gene
-3.241587310030216,3.0557544960058127,131.53281431012732,2.5601740446263884e-8,4.0130728149518637e-4,6372,CXCL6
-1.2035320408617707,4.820244248523402,68.62338303373443,1.212783402635337e-6,0.007215836224292066,23753,SDF2L1
-2.3618692531626775,3.192769487037943,67.07118297355873,1.3810212869458498e-6,0.007215836224292066,79820,CATSPERB
-1.7261223126413088,3.5894199648647556,62.43843797076899,2.067252215248575e-6,0.008101044618505353,162461,TMEM92
-5.474662690364101,10.398988061586746,48.71253510658147,8.064610805918134e-6,0.023138050725914835,1755,DMBT1
-0.85489493653041,5.9730524475552675,45.744077921396766,1.1270300409160362e-5,0.023138050725914835,7873,MANF
2.260245102793154,2.6615719384539425,43.803939696909495,1.4158669210653517e-5,0.023138050725914835,10446,LRRN2
1.3054938142132302,9.386733362354969,43.64871071068673,1.4424418095035109e-5,0.023138050725914835,10628,TXNIP
-3.92727660227975,4.064863679990129,43.50404099177658,1.4677263438005817e-5,0.023138050725914835,725,C4BPB
2.4215095169326784,0.40824906170884967,42.71993196305682,1.613962360251411e-5,0.023138050725914835,54674,LRRN3
-4.962021579879418,7.459112785984374,42.670530580548224,1.623722857958936e-5,0.023138050725914835,405753,DUOXA2
-1.6215016376529805,7.084147113472142,37.749562509845305,3.047537012957573e-5,0.039808452231758294,6690,SPINK1
-0.9024938225449465,4.610007730748645,36.89883980101276,3.419384662410227e-5,0.04122988814098485,57089,ENTPD7
-1.0971942964175705,5.8498676578383995,35.091524997631126,4.396627827137578e-5,0.04692979099197603,22936,ELL2
-0.8428685361087027,6.69626867727713,33.77103864706595,5.315794664961126e-5,0.04692979099197603,81502,HM13
-8.519519116161511,8.84731638885711,33.440838973309866,5.579012706595578e-5,0.04692979099197603,5967,REG1A
-2.796405273453353,2.925678891689998,33.32113606261259,5.678112657597363e-5,0.04692979099197603,145741,C2CD4A
-1.6041174680499941,5.303796849311405,33.25968409953935,5.7297732106075237e-5,0.04692979099197603,116844,LRG1
-2.200412247472686,3.8605553054221673,33.034181352685295,5.9240322354341186e-5,0.04692979099197603,629,CFB
-1.6086110910613953,4.751985517785027,32.96194726338346,5.987852120188329e-5,0.04692979099197603,118932,ANKRD22
-2.3980408399537794,0.8629138638580072,30.912616476181118,8.175539973661281e-5,0.05346500180040244,5196,PF4
-0.8083868109653797,5.820862737102136,30.84130180865466,8.266822717346537e-5,0.05346500180040244,29925,GMPPB
-0.7377409949549952,5.962478376553594,30.788583492325266,8.335056054840741e-5,0.05346500180040244,51726,DNAJB11
-1.5011816122134485,4.848399096486266,30.40826112220139,8.846960006366951e-5,0.05346500180040244,8140,SLC7A5
-0.7919325444809243,4.434476211831385,30.295161981786233,9.006099740696663e-5,0.05346500180040244,283820,NOMO2
-0.7979813759869291,6.031563430107465,30.15405800439342,9.209282606767885e-5,0.05346500180040244,56005,MYDGF
-1.302027746762403,6.213256951427596,29.671823038142044,9.944576827168543e-5,0.05555917369203858,83666,PARP9
-3.7473286744798644,5.957511578587292,29.39188201794709,1.0402326688189762e-4,0.05555917369203858,1116,CHI3L1
-0.7328399695262148,5.791435176546547,29.25593639756837,1.0633334677902122e-4,0.05555917369203858,10549,PRDX4
-3.774569833036424,2.590083618399528,28.599283766611407,1.1835704945902491e-4,0.05913627883644407,3855,KRT7
-0.6613103855061947,5.299164257286156,28.291760551131617,1.2452109692491012e-4,0.05913627883644407,10025,MED16
-1.065025997550702,4.5957164376946364,27.98431929583318,1.310555706831339e-4,0.05913627883644407,55357,TBC1D2
1.0128396815341563,3.342504895861669,27.946912562794513,1.318772289679049e-4,0.05913627883644407,8556,CDC14A
-2.5936899028813034,7.221924778429316,27.939410518434812,1.3204272786446843e-4,0.05913627883644407,7498,XDH
-3.1422766266358795,9.661078076770503,27.105224931303912,1.520301443877815e-4,0.06619645870217987,3934,LCN2
-1.6892834803598809,4.646543707423675,26.588484435851363,1.6615439732669784e-4,0.06964916120183258,116071,BATF2
-1.1337550611982419,6.031611883232486,26.49573447008085,1.6884645139838203e-4,0.06964916120183258,8519,IFITM1
-2.1982062003856053,6.755649888482114,25.55983419714629,1.990157364933706e-4,0.07343350833725235,10158,PDZK1IP1
-1.668810911244231,4.390835807136664,25.55469535240778,1.9919771890185945e-4,0.07343350833725235,23657,SLC7A11
-0.6707204438298232,4.552181720374242,25.482554166244256,2.017727832380535e-4,0.07343350833725235,2539,G6PD
-1.5633955716526668,7.102808521467077,25.45944290202713,2.0260582169895927e-4,0.07343350833725235,25825,BACE2
-0.9412251223306036,6.15668965090245,25.390123295776966,2.0512826428015628e-4,0.07343350833725235,26286,ARFGAP3
-1.137398473369297,3.615104310996503,25.31928496648539,2.0774338153487458e-4,0.07343350833725235,81610,FAM83D
-0.9267329366747503,6.995615272541255,25.237409133391274,2.1081389953278188e-4,0.07343350833725235,7706,TRIM25
1.8209327120620542,4.0178758564783035,24.471167707084145,2.422290145748186e-4,0.0825421696404409,92291,CAPN13
-1.0932804858013474,7.320670726936507,24.147191674234293,2.57109674270805e-4,0.08415213614107145,7453,WARS1
-1.1586113523471078,4.953585232778317,23.897422816585028,2.693024624544891e-4,0.08415213614107145,26499,PLEK2
-4.082508246140066,8.008771592970803,23.793167572328354,2.745877577575932e-4,0.08415213614107145,4843,NOS2
-1.7578646700010063,6.550687073320725,23.666563115745884,2.811673630202255e-4,0.08415213614107145,412,STS
-1.030104532633092,6.454434584221354,23.647009904618496,2.8219963403316355e-4,0.08415213614107145,9069,CLDN12
-0.8441530679559515,6.68802499293117,23.63028010255449,2.830863131193129e-4,0.08415213614107145,151636,DTX3L
-0.8010607663323318,5.628066777614371,23.534022494064462,2.8825070545384957e-4,0.08415213614107145,51303,FKBP11
0.6573469104458157,4.628218042063234,23.43848691693056,2.934838800467461e-4,0.08415213614107145,583,BBS2
-0.7928148570402596,7.680859266736847,23.40631625352584,2.952706531265665e-4,0.08415213614107145,55379,LRRC59
2.1194852443853627,1.3812687100123444,23.020621739148407,3.176972268607451e-4,0.0859422398032851,192668,CYS1
-0.9518230653441007,8.197930305021327,23.006866630757116,3.18532530572997e-4,0.0859422398032851,9601,PDIA4
-0.7999049019423711,6.06873124952946,22.825430395018063,3.297906144780444e-4,0.0859422398032851,2907,GRINA
-4.731906138739818,5.516936147453586,22.62429692304771,3.4281003041730423e-4,0.0859422398032851,79931,TNIP3
1.814789785471074,1.5936578478900736,22.564545903865472,3.4679104493861527e-4,0.0859422398032851,80206,FHOD3
0.6662258206769314,5.403098622028955,22.554719043707422,3.474508604139637e-4,0.0859422398032851,6844,VAMP2
3.151217815190555,8.983748146896987,22.53902555112687,3.4850758491852807e-4,0.0859422398032851,1836,SLC26A2
-1.8588670477604095,7.457185393740913,22.534712740205226,3.487986367211213e-4,0.0859422398032851,1604,CD55
-1.078861403102496,7.462484640747034,22.50374794248414,3.508965452893299e-4,0.0859422398032851,8754,ADAM9
-0.9541615224938483,7.142822991855527,22.285946521791594,3.660702816647245e-4,0.08709347707624884,54625,PARP14
-1.1204116242428728,7.727033237247324,22.253890568660086,3.683667287096811e-4,0.08709347707624884,3091,HIF1A
-1.4745330248519926,6.988949996583404,22.138419899510467,3.7677748940281045e-4,0.08709347707624884,834,CASP1
-3.220258285422992,8.96178160992769,22.124290243532798,3.7782178253173345e-4,0.08709347707624884,5266,PI3
-0.8905842250220165,9.617076644419452,22.032640731962864,3.8467688641058206e-4,0.08738855354327353,3309,HSPA5
-1.4301329274723422,4.683585025330986,21.787998770776266,4.036879436188743e-4,0.0903972645175122,79644,SRD5A3
1.2547557061001773,4.8929223460564835,21.653453529105484,4.146035196890511e-4,0.09153394607219544,29785,CYP2S1
-0.6669213180106962,5.957810577354272,21.46124404097361,4.3079231905289445e-4,0.0932893151216393,5238,PGM3
2.34358112870761,3.0051937355519334,21.34733706715164,4.407292637643872e-4,0.0932893151216393,64150,DIO3OS
-1.1887151179285234,4.556974628214817,21.27544943239845,4.471363763661664e-4,0.0932893151216393,10855,HPSE
-2.047735771745156,2.4469282949340636,20.896867254204068,4.827007210950134e-4,0.0932893151216393,729238,SFTPA2
1.4366843462780994,4.254158111408054,20.866884324742486,4.8565389670566546e-4,0.0932893151216393,8863,PER3
-0.5308895768535054,6.182905475430196,20.848681872582137,4.8745690056686353e-4,0.0932893151216393,84823,LMNB2
-2.6540585721180077,2.327338391544184,20.78589344896175,4.937356946045422e-4,0.0932893151216393,284348,LYPD5
-1.6430301728114343,8.654743238380437,20.749807593055188,4.973863814255865e-4,0.0932893151216393,5265,SERPINA1
1.2179238417721634,5.914532871497744,20.712758301728062,5.01166917731164e-4,0.0932893151216393,7071,KLF10
-1.456886600523679,8.039488477763143,20.602961839430986,5.125664767148259e-4,0.0932893151216393,4582,MUC1
1.8230340428743539,0.44570807194541917,20.568639771547474,5.161910092462963e-4,0.0932893151216393,84960,CCDC183
-1.218253169751355,2.041740484365593,20.523943261891855,5.209554589557505e-4,0.0932893151216393,2766,GMPR
-2.473412166336894,5.819485559670995,20.503779980431922,5.231213395295521e-4,0.0932893151216393,838,CASP5
-1.657164325022562,6.217298746986887,20.464659926627714,5.273531496809725e-4,0.0932893151216393,3673,ITGA2
-1.291839439878936,4.2831512019915685,20.461706308038973,5.276742548068869e-4,0.0932893151216393,10630,PDPN
-1.1204180760089015,5.428630387880777,20.407966930223626,5.335560808041647e-4,0.0932893151216393,11015,KDELR3
-0.9502571185287687,6.031641532187471,20.396367425592736,5.348355453222435e-4,0.0932893151216393,79888,LPCAT1
-3.0754267101129593,6.49011565157649,20.382454601007485,5.363748406054565e-4,0.0932893151216393,11254,SLC6A14
-2.433261499160489,5.14418721313312,20.344946665978753,5.40550151130501e-4,0.0932893151216393,135644,TRIM40
1.0245938643051733,4.002845484800757,20.319255423095097,5.434316547163634e-4,0.0932893151216393,8082,SSPN
-0.7798527877463939,7.507562317070875,20.245221344581786,5.518347018096393e-4,0.0932893151216393,6892,TAPBP
-0.878672299452052,6.1154506581966785,20.23081806758774,5.534868456977642e-4,0.0932893151216393,3838,KPNA2
-1.1909387973324028,6.425662235441826,20.176360478639175,5.597851660485804e-4,0.09334715401927125,843,CASP10
-3.9045068711548025,9.938101517042712,20.096278098318052,5.691976992919265e-4,0.09391762038316787,50506,DUOX2
-2.8249585244119326,6.268709733718917,20.002545015280297,5.804471129908742e-4,0.09477613016804119,2919,CXCL1
-1.0377013472135852,3.250255112043373,19.939517610567496,5.881553930772341e-4,0.09486656710705868,26270,FBXO6
-0.7664556938401983,6.171780610013161,19.839017569387604,6.006918327572075e-4,0.09486656710705868,55858,TMEM165
3.9540770991332774,8.942450120853866,19.80560640011221,6.049275373189876e-4,0.09486656710705868,759,CA1
-0.7923458195915677,6.190964304273352,19.80339295875593,6.052093595346646e-4,0.09486656710705868,10802,SEC24A
-1.7623365733297076,2.726753234069457,19.751330165100725,6.118819735767829e-4,0.09496287065164427,28942,IGKV1-8
-1.5340510802995417,4.214312343832863,19.63330990564167,6.273242440217177e-4,0.09640497573569046,30817,ADGRE2
-1.3875123996971621,6.229782871558624,19.561176121430048,6.369834905232884e-4,0.09693899236847131,219285,SAMD9L
-2.1791546209513113,8.867886212588473,19.419956821608988,6.563942104633524e-4,0.09738333124503783,727897,MUC5B
-1.7749112116406744,5.497266390791086,19.321761596633436,6.702931150973989e-4,0.09738333124503783,124976,SPNS2
-0.6545284185325845,6.669414879870678,19.292041639594895,6.745664103177421e-4,0.09738333124503783,6396,SEC13
-0.6222064143113091,5.811570617223035,19.28013426268494,6.762873173723537e-4,0.09738333124503783,58477,SRPRB
2.9288229706957867,1.5782691714010257,19.231699482615582,6.833396544774187e-4,0.09738333124503783,340419,RSPO2
-0.8576306366136527,5.380537981184191,19.217220517515866,6.854642848505473e-4,0.09738333124503783,1894,ECT2
-1.401444651748105,2.180084271519432,19.131788231399522,6.981565809903823e-4,0.09738333124503783,78990,OTUB2
-1.3382634028452178,1.7679867741700124,19.09716751626126,7.03376970207903e-4,0.09738333124503783,84734,FAM167B
-1.3697814176405259,2.3808982666397744,19.074918371018068,7.067556121190459e-4,0.09738333124503783,4023,LPL
-0.5853115479145258,6.255411239284171,19.053096350130463,7.100875686077858e-4,0.09738333124503783,2617,GARS1
-1.4193736290675587,3.0537032513966884,19.031696218710376,7.1337269613416e-4,0.09738333124503783,222643,UNC5CL
-0.8240593734729048,6.6630880186667465,19.024670278189458,7.144550617658277e-4,0.09738333124503783,9871,SEC24D
-1.5641542105340762,1.8297366716210617,18.960667133554885,7.244025357335669e-4,0.09788801506572122,50940,PDE11A
-0.8389965421015325,5.78351806037361,18.805530825475618,7.491834027138915e-4,0.10005570066419103,3606,IL18
-0.9524012199749178,5.738519526803942,18.780879601764234,7.532103782057124e-4,0.10005570066419103,79174,CRELD2
-1.5816537396241697,4.023709366664575,18.56430229846503,7.896828443110089e-4,0.10401914776953836,3437,IFIT3
-1.463742750382332,8.626888939188444,18.513361273987332,7.985546007116792e-4,0.1043111947179631,4585,MUC4
-0.6068950642652764,7.204452812489335,18.353079464546223,8.272272812154096e-4,0.10716353415745078,3998,LMAN1
1.1075832616302617,5.489543147795958,18.298315895252646,8.372945198943446e-4,0.10757861966675288,8654,PDE5A
-1.1796334166133327,5.540112363774011,18.213660312793042,8.531359722110608e-4,0.10831702816849503,64856,VWA1
-0.8249619471287616,8.017261897296628,18.19401182542638,8.568619772180788e-4,0.10831702816849503,6774,STAT3
0.6794240880002496,3.8697942592243324,18.09879832029282,8.751853703848556e-4,0.1097482454462609,9397,NMT2
-2.067663355958648,2.2401112183859024,17.943109647923745,9.061287716490941e-4,0.1117268637756441,3002,GZMB
0.8091672544305912,2.773124179270182,17.93419493226355,9.079384108681195e-4,0.1117268637756441,51101,ZC2HC1A
-1.0325463553021725,7.270326265447498,17.912562812475596,9.12346957785164e-4,0.1117268637756441,6890,TAP1
0.6470147068224635,6.042627301848987,17.78895469657931,9.380161963137395e-4,0.11397987501719277,1112,FOXN3
0.8208858304589727,2.4235248515347925,17.67872337569056,9.616117629126865e-4,0.11569060666274246,10913,EDAR
-0.8619000438914018,7.8208224727731555,17.654646675316435,9.668561067189322e-4,0.11569060666274246,10525,HYOU1
0.7122986648184685,4.089782182486738,17.578188976972463,9.83729866785783e-4,0.11600010214630453,18,ABAT
1.8572424308937134,1.6766002662992319,17.527268666064238,9.951560101247694e-4,0.11600010214630453,29953,TRHDE
3.0522556147432107,4.775049104337916,17.51826738841624,9.97191703916278e-4,0.11600010214630453,3491,CCN1
-0.8563261553765356,1.7988242863012855,17.47930914587421,0.0010060578741292324,0.11600010214630453,728431,LINC01137
-0.918538465423571,5.458030476654837,17.47762032915671,0.0010064442674256725,0.11600010214630453,5831,PYCR1
-1.188975170768153,2.851799801186786,17.408113037117566,0.0010224966207273898,0.1164375357409898,5563,PRKAA2
-0.5610026659773285,6.950044493445903,17.36336638246121,0.001032986778762138,0.1164375357409898,8943,AP3D1
-2.0113709238742707,0.5886175870564447,17.34752260468363,0.001036730807248765,0.1164375357409898,400866,LINC00114
-0.6080164472554535,7.2579884697174135,17.32971893229058,0.0010409566555900308,0.1164375357409898,54732,TMED9
-0.7014211726463742,7.038018444740764,17.238776164825317,0.0010628549005745806,0.1164375357409898,123036,TC2N
-1.2820136788680123,6.596691975550799,17.23391517913436,0.0010640402547878259,0.1164375357409898,2524,FUT2
-0.9478157281628494,5.1560893445678335,17.18609223271986,0.0010757835190716633,0.1164375357409898,6652,SORD
-0.7479928174996344,7.033132443249097,17.1805932415171,0.0010771433886297864,0.1164375357409898,5611,DNAJC3
-1.6422572354041935,1.5445024043096196,17.152797903990738,0.001084047415743829,0.1164375357409898,53905,DUOX1
-0.6839948705864474,8.211399654865563,17.150770439492167,0.0010845530065755225,0.1164375357409898,5479,PPIB
1.0569006009828192,2.157986973016217,17.111008861991422,0.0010945235444026914,0.1164375357409898,89894,TMEM116
-0.9060736434624077,3.7957132525521193,17.063933531931575,0.0011064649713738136,0.1164375357409898,65987,KCTD14
-0.9269123192239086,6.728149449419714,17.062595554731306,0.001106806559834608,0.1164375357409898,10509,SEMA4B
-1.359419121783832,4.427176165989928,16.984580553852847,0.001126935810565379,0.1177647922040821,27010,TPK1
-0.7119808591955494,5.52439199924904,16.877952048474622,0.0011551343852782042,0.1199065421087429,23333,DPY19L1
-0.7005652801188663,4.549565679832256,16.785093917125153,0.0011803556048483434,0.12092858892809008,64943,NT5DC2
-1.1433230381597717,6.556885959177954,16.699446621518465,0.001204182633010893,0.12196949941927868,22904,SBNO2
-0.5682742846116395,7.23742266480825,16.67142270568634,0.0012120989477564833,0.12196949941927868,6747,SSR3
-0.9728045976041286,5.891369062014747,16.62257140888263,0.0012260425923813515,0.12196949941927868,4940,OAS3
-0.8927179797509199,6.442260254898065,16.605186485174368,0.001231049334545743,0.12196949941927868,6541,SLC7A1
-0.5466076985128214,4.104739687590807,16.596254510213956,0.0012336308493381954,0.12196949941927868,57594,HOMEZ
2.155587177051262,1.8236800940349664,16.572214919148635,0.0012406098250551277,0.12196949941927868,94274,PPP1R14A
-4.577820677734891,4.242992221965691,16.552168504672554,0.001246464360873583,0.12196949941927868,722,C4BPA
-0.5462404006016034,7.242761032013096,16.5018920612934,0.0012612882261341981,0.12196949941927868,6745,SSR1
1.3772000814907759,0.9085463254051642,16.488785211857255,0.001265186082303323,0.12196949941927868,101928405,LINC02023
-1.2095099124711082,6.398667857214165,16.478256887572904,0.0012683271709947321,0.12196949941927868,79071,ELOVL6
1.4691972920965757,4.2186056291496286,16.376423494338574,0.0012991775051486895,0.12417443532442504,10231,RCAN2
0.7641478233762528,4.692171079599786,16.30954209370422,0.001319909999636514,0.12539144996546883,7008,TEF
-1.2124439671207567,2.6536099447867763,16.253381207467587,0.0013376143489575649,0.12592286158929167,7004,TEAD4
0.8617395464203454,2.6589995480765585,16.225451936742118,0.0013465207391410452,0.12592286158929167,57577,CCDC191
-0.725655579401505,4.801463300490291,16.215833230380557,0.0013496038754067623,0.12592286158929167,197259,MLKL
-0.6606331161028556,4.025347559842657,16.164506750883856,0.0013661941064359747,0.12671652436913552,27235,COQ2
-0.601052286695285,4.6173647088184735,16.025466607723224,0.0014123306613849486,0.1270456628560411,55027,HEATR3
-1.625674534039179,8.908413918303184,15.992663967170412,0.0014234757003646695,0.1270456628560411,3099,HK2
-1.2016872589285137,7.1193727950150825,15.981653092625233,0.001427239474301253,0.1270456628560411,10410,IFITM3
0.5662302363013694,4.860473003212456,15.939327593643041,0.001441814572066625,0.1270456628560411,153222,CREBRF
-0.6031915457956939,8.013206942933516,15.931626752615447,0.0014444848339627571,0.1270456628560411,6184,RPN1
-1.0339005250727722,3.8596407353097653,15.89510086185077,0.0014572281092299906,0.1270456628560411,8447,DOC2B
-3.3576338119582583,4.384968463004501,15.878452588010767,0.001463079402817552,0.1270456628560411,2357,FPR1
-3.187420541442078,3.4436605475005275,15.869614219171241,0.001466196794370935,0.1270456628560411,2867,FFAR2
-1.4823338241084811,3.1186554360315664,15.864351191376384,0.0014680567623147206,0.1270456628560411,64078,SLC28A3
-0.49917311360434236,5.633886086908036,15.853284637667416,0.0014719765963231539,0.1270456628560411,10113,PREB
-1.545191861132264,5.475731687847272,15.850463262125848,0.0014729778733153177,0.1270456628560411,55214,P3H2
-1.2284323767948948,5.703829005907672,15.834874528641572,0.0014785243356658332,0.1270456628560411,23780,APOL2
1.1472927697479922,3.514452330310756,15.821750549159635,0.001483212523295408,0.1270456628560411,8324,FZD7
-2.1668016254051663,9.006968887465606,15.726581300396369,0.0015177268845387023,0.12800387680813063,5320,PLA2G2A
-1.360447865181626,2.7870290844182,15.705362887970795,0.001525547777503414,0.12800387680813063,111064649,SMIM33
-1.227497869560858,7.070672635941918,15.68111546888326,0.001534542110756953,0.12800387680813063,3659,IRF1
-0.5091147537449571,5.75393430298849,15.676709389904124,0.0015361830605892161,0.12800387680813063,4247,MGAT2
-0.4867175414054682,5.678090961090303,15.661463650683986,0.0015418766493900512,0.12800387680813063,4524,MTHFR
2.0690108721173077,1.1582663252286252,15.65740618504059,0.0015433960265860728,0.12800387680813063,51560,RAB6B
-0.6070583975165302,5.13612343897747,15.59261570494272,0.0015678932925207458,0.12803380159160074,214,ALCAM
-4.782763266645375,5.171474114643656,15.570450516809409,0.0015763766994338945,0.12803380159160074,6279,S100A8
1.2586380621021118,0.3163478089242136,15.570314438765674,0.0015764289446366152,0.12803380159160074,101928673,PRDX6-AS1
-0.7936504726336138,6.935313208039064,15.49175780544453,0.00160692584948757,0.12981158231357076,3098,HK1
-0.863406051897228,6.294819535706676,15.471548994411082,0.0016148809283027942,0.12981158231357076,4925,NUCB2
-0.8216740651497062,10.188405961943229,15.400331475348546,0.0016432797075218702,0.13012249923092556,7184,HSP90B1
0.5314238435757824,4.825375903840458,15.399703919029886,0.0016435325009923085,0.13012249923092556,1408,CRY2
2.7122881170400066,2.3684842651320044,15.39940575964251,0.0016436526218643228,0.13012249923092556,9068,ANGPTL1
-1.649077676388462,3.4673527091495986,15.374533594789073,0.0016537087447838874,0.13026072650496198,2769,GNA15
-0.657311527961284,6.04005327496395,15.223431641804876,0.0017163489383715347,0.1340314924720746,4001,LMNB1
-1.0653673444264375,4.701275545895174,15.21792876474302,0.0017186813388763635,0.1340314924720746,991,CDC20
-0.8915576803826004,9.564819922384734,15.161398887383763,0.0017428545475839327,0.1352437872939512,5034,P4HB
-0.847430368224088,5.436728660015919,15.035472830374143,0.0017981268368039204,0.1374322829587557,9388,LIPG
-1.1344129698259922,6.814731097915099,15.031162424072907,0.001800054290475518,0.1374322829587557,2040,STOM
2.9250743380773745,3.955028906005995,15.017615277875317,0.0018061276101756733,0.1374322829587557,9429,ABCG2
2.058928393574605,1.6199643593483706,14.981220928494265,0.0018225609944138097,0.13791409594622348,3131,HLF
0.7739232398804642,4.435312439741587,14.886572402920969,0.001866112384595206,0.13791409594622348,114876,OSBPL1A
0.9167801539912234,3.6362296820557902,14.869489609187024,0.0018741001470460113,0.13791409594622348,8722,CTSF
1.0440518269363157,0.34324889677164533,14.854927879336147,0.001880940245554395,0.13791409594622348,374875,HSD11B1L
-0.6552379062483853,5.499592188824287,14.853058363572297,0.001881820500453911,0.13791409594622348,6509,SLC1A4
-1.7074172659062647,6.764835109578649,14.832488691303835,0.0018915371145035722,0.13791409594622348,8542,APOL1
-0.9123263539405759,3.9098155145044764,14.7977415741326,0.0019080826260574394,0.13791409594622348,3601,IL15RA
-1.405829330370881,3.991284800912838,14.782754991993565,0.0019152702865549642,0.13791409594622348,28231,SLCO4A1
1.8362596285276325,1.7514930288885424,14.78018378392117,0.001916506592191133,0.13791409594622348,26762,HAVCR1
0.9956233148283655,4.681750392954915,14.757914189612592,0.0019272530275283224,0.13791409594622348,80221,ACSF2
-0.6649583383048023,4.7332318499466135,14.744719350658459,0.0019336531448527082,0.13791409594622348,29100,TMEM208
-0.6049217422688526,4.325754101346688,14.733248676237519,0.0019392368976449902,0.13791409594622348,7283,TUBG1
1.5678653833239022,5.7601983139541355,14.725307223081419,0.0019431135799880999,0.13791409594622348,6338,SCNN1B
-2.1199821121762654,9.170001943597693,14.692210488350778,0.001959366614664118,0.13791409594622348,445,ASS1
-4.927700220519222,4.328256190984031,14.67925501346121,0.0019657714346576326,0.13791409594622348,2215,FCGR3B
0.9311940493104226,5.676345424533591,14.676003334160773,0.0019673827640160437,0.13791409594622348,2053,EPHX2
-1.2137472920971308,6.102561079640213,14.675492472907065,0.0019676360535053664,0.13791409594622348,2633,GBP1
-0.4712617940062793,5.270536927522261,14.666629576914385,0.001972036350909189,0.13791409594622348,85365,ALG2
-0.7921562477977047,6.235422680004604,14.651391975006455,0.001979628171476892,0.13791409594622348,7264,GFUS
0.8593635923288258,3.59759614351206,14.606224599508264,0.0020023308386978513,0.1388418293915957,84436,ZNF528
-2.0981103764648954,1.6893236781695526,14.58478385240299,0.0020132127772823794,0.1388418293915957,116443,GRIN3A
-0.5302974779908611,6.757193821756285,14.572279354899237,0.0020195907600661597,0.1388418293915957,976,ADGRE5
0.6141577692156351,3.4142950794716387,14.555131531625717,0.0020283750513987505,0.1388418293915957,51175,TUBE1
-1.0379967547105642,7.022269932111684,14.497482237059184,0.002058231984803873,0.13906942835492944,4430,MYO1B
1.2931643706619647,2.9391152145502883,14.47705988673489,0.002068930298797482,0.13906942835492944,9915,ARNT2
-0.7803462058250129,6.993457363570802,14.455762279732818,0.0020801555497809575,0.13906942835492944,10970,CKAP4
-0.9656494424788743,3.7132656519679217,14.444899811005588,0.002085907852869587,0.13906942835492944,3563,IL3RA
0.8417718270072524,3.7349805882339617,14.438517322440573,0.002089296311254891,0.13906942835492944,113235,SLC46A1
-1.5668394952011695,4.404275747824144,14.43839499536208,0.0020893613166338104,0.13906942835492944,81030,ZBP1
0.5962785589523489,4.42360268831928,14.430044265310993,0.0020938044715638504,0.13906942835492944,79754,ASB13
-0.5840354718647931,6.592609784174974,14.391951086311956,0.0021142114791353546,0.13924481065313732,27248,ERLEC1
1.6057096220880818,3.2053745447811863,14.373357045103281,0.0021242558726032247,0.13932096570316127,4129,MAOB
-0.7142641665381757,6.947182116112131,14.288606624228423,0.0021707409600729938,0.14129038250536902,153830,RNF145
0.9923220412076689,5.520550774924339,14.284143946028072,0.0021732210726903255,0.14129038250536902,80760,ITIH5
0.6707831628655517,4.045557919063019,14.269602381082258,0.002181325203591662,0.14129038250536902,154881,KCTD7
-1.2082125293892374,5.380523021888162,14.232408493932164,0.0022022128819917043,0.14150558894691556,28409,IGHV3-73
1.4534852043749174,0.014470372373799108,14.216793358955787,0.002211050922165464,0.14150558894691556,374786,EFCAB5
-1.8485097001361996,1.78686929585095,14.21559636621861,0.002211730098372843,0.14150558894691556,196996,GRAMD2A
-0.6213692486195155,7.350919062035765,14.151789695501245,0.0022482852084578365,0.14325963675844142,9685,CLINT1
-0.45958712691589976,5.532525200095734,14.095712630293795,0.0022809888318423063,0.1447550604823002,116150,NUS1
-1.3715121142445816,1.9379156381432325,14.074524734022999,0.0022934881289696568,0.14496139686128778,4188,MDFI
-0.7217362706483798,6.171175846770124,14.031467109461499,0.002319133395039411,0.14599363842266172,80727,TTYH3
0.9498646402272701,1.294562342202248,14.004895435631749,0.0023351247490487562,0.146412321765357,9863,MAGI2
1.2097991001980746,2.4949377563551964,13.967365816686545,0.0023579281976447933,0.14670031656045465,79690,GAL3ST4
1.3821197043289841,5.322351699276355,13.966535330236836,0.002358435711211137,0.14670031656045465,1490,CCN2
-0.6142277589293057,8.081251638538328,13.922654554812647,0.002385431697373628,0.14779305081554,6185,RPN2
1.0809992789384713,0.6998449122204325,13.884288695981494,0.002409327519866775,0.14868586170831377,497258,BDNF-AS
-1.3974529721401692,4.397051657646621,13.83213913798175,0.0024422529581799393,0.15012672595870802,94122,SYTL5
-0.4995380361305771,4.590193544523897,13.816000779460184,0.002452547221916578,0.15017061602946233,10295,BCKDK
-1.3541448397616007,5.586137270126184,13.720542220035483,0.002514472602465407,0.1528889464181504,59272,ACE2
-0.5488969249156748,6.131748747930725,13.695933431795506,0.0025307281776662137,0.1528889464181504,8030,CCDC6
-3.3689283896821802,4.7022670980725545,13.679787888284132,0.002541459204890368,0.1528889464181504,4316,MMP7
-0.9154702125250226,7.001468199110684,13.674535246393294,0.0025449616596505084,0.1528889464181504,2762,GMDS
-0.6947985374402225,5.9194404805989995,13.673413011687654,0.002545710686771117,0.1528889464181504,9424,KCNK6
-0.8656368022302517,6.958018569153961,13.657403830406922,0.0025564236628490247,0.15294633937083382,5269,SERPINB6
0.9270644271687499,2.327796733148528,13.631965129878552,0.002573553933788013,0.1533857715290004,57573,ZNF471
-2.627199679484857,3.456649567717628,13.615397510655681,0.002584781752730941,0.1534714165683996,11025,LILRB3
0.7166632628717995,4.760915278157004,13.595266808681309,0.002598500470393678,0.15370375423932417,10014,HDAC5
-0.6001296302673574,6.640486674927565,13.57765382509825,0.0026105724148641927,0.1538373030187828,10342,TFG
-0.5765831181582024,7.298915392114376,13.559059236849562,0.0026233874944734063,0.15401347931037696,3703,STT3A
-1.631998131357274,9.381811071829997,13.543795023182161,0.0026339616550762417,0.15405727217656748,634,CEACAM1
-2.524531280824489,1.617548138421573,13.52256233753743,0.0026487523915799944,0.1543464451227376,100506115,PELATON
1.4118466931423697,6.361400852227597,13.492713905364274,0.0026697073852378736,0.15499134542075432,3725,JUN
1.501546089457602,1.7943546675796282,13.455005894971073,0.0026964544864968324,0.1559665095049367,115804232,CEROX1
-4.609586089064368,6.450253344411768,13.402661663321762,0.002734098060988624,0.15756245259557602,6280,S100A9
0.7357885379181466,2.3104880419569023,13.387766978217703,0.0027449203267173564,0.15760668908899106,100128782,LINC00476
-1.0335577696722669,3.701776916541243,13.368682239933516,0.0027588594196777854,0.15782891023156673,7804,LRP8
1.527377619296009,1.533993117252958,13.34763671218867,0.002774325519995345,0.15813655463973467,65055,REEP1
1.706392554037583,1.2679335895736776,13.274917087379592,0.0028285424935334397,0.15946856548770183,1302,COL11A2
-1.5315425283780228,3.597588631763046,13.273138197988152,0.002829884020536414,0.15946856548770183,151473,SLC16A14
-1.5642747977188267,3.701808540700345,13.270666920806775,0.002831748922985265,0.15946856548770183,28876,IGKV3D-11
-0.4433375258907259,5.039421865192196,13.255899057260358,0.002842922845966467,0.15946856548770183,29880,ALG5
-0.9018477297112734,9.256861233854398,13.24847250550993,0.0028485612973879752,0.15946856548770183,5315,PKM
-0.5536758835773383,4.801301678961009,13.204289467779136,0.0028823746015006983,0.16078726647161368,80021,TMEM62
-0.7220104453814188,5.970856494613995,13.179860755777048,0.0029012688627344926,0.16126733838072047,90701,SEC11C
1.4265980811262087,0.8991493905334701,13.14803595415444,0.002926098608354762,0.16153280121319985,79919,MAB21L4
-0.6108321873892224,7.813252163834847,13.141161072026831,0.002931494590558533,0.16153280121319985,6836,SURF4
-1.2115811667228524,7.29784675773867,13.134212592761536,0.0029369600220581792,0.16153280121319985,6282,S100A11
1.1763399430203214,1.7153311534986497,13.090442259854104,0.0029716601217910886,0.16285342210496895,7694,ZNF135
-0.835344583380176,6.268033219247049,13.071317827442822,0.0029869700511647003,0.16285342210496895,5819,NECTIN2
-1.8086199881360252,0.7172144277422999,13.060016696715783,0.0029960599210960346,0.16285342210496895,79092,CARD14
-0.555257724415281,5.035553778550683,13.051998251477638,0.003002528803083638,0.16285342210496895,3614,IMPDH1
-1.5367526723420437,4.394753938953786,13.017347746363454,0.003030669282941781,0.1638129000348704,3426,CFI
1.2122810322238864,4.525697588755684,12.959358237683835,0.003078448484732176,0.16444054249204904,79365,BHLHE41
-0.9966058491462071,7.186723694528602,12.956563215898852,0.0030807732772670706,0.16444054249204904,80830,APOL6
1.4155291463328703,3.281446468420865,12.954449098451736,0.003082533067012164,0.16444054249204904,9737,GPRASP1
1.4404944605442669,1.3145001723706773,12.952395410144351,0.0030842436677934555,0.16444054249204904,8643,PTCH2
-0.4866578353338435,6.710069800177107,12.925339942832611,0.0031068819852851912,0.16447246983222122,84061,MAGT1
0.5989071124624867,4.929982914603271,12.924622543247537,0.0031074848679832293,0.16447246983222122,23259,DDHD2
-0.9723974045299764,5.037079779198001,12.914127027436408,0.0031163204810315598,0.16447246983222122,891,CCNB1
-3.236078265830267,5.555330721683266,12.86730404999298,0.003156093539184001,0.1660126383446618,1441,CSF3R
-0.5111118229890219,6.206983166796501,12.840627861026523,0.0031790153838470512,0.1663249759777423,5690,PSMB2
2.7321759436893958,6.78445831021063,12.8357203652226,0.003183253128760618,0.1663249759777423,3158,HMGCS2
2.14297401032665,2.9827851095143734,12.799281979341472,0.0032149235642205667,0.16742168395068896,256691,MAMDC2
-1.0998168407494753,8.196148780837664,12.672575051578383,0.0033279205652646153,0.17190715438812723,2877,GPX2
0.8751875588538596,3.0648431197685544,12.632024997198336,0.003365047731183196,0.17190715438812723,23498,HAAO
1.6454600846819656,2.6097324334283125,12.604101029028874,0.003390892978978105,0.17190715438812723,1296,COL8A2
-0.4097117974245525,6.2747159276670965,12.597874438163537,0.0033966872864505805,0.17190715438812723,10483,SEC23B
-0.5899872636587394,8.404170363670188,12.57522464304931,0.0034178613492184774,0.17190715438812723,10130,PDIA6
2.2665398133240364,2.2453807414459144,12.571693344365771,0.0034211762964013372,0.17190715438812723,30812,SOX8
-0.46227396450975655,4.111152609937046,12.56631779221465,0.003426229641841338,0.17190715438812723,90522,YIF1B
-1.6396302519728638,1.6007670835952423,12.564689552561024,0.0034277619878782905,0.17190715438812723,2828,GPR4
0.57428176572428,4.476886495322062,12.559491079395228,0.0034326596059638804,0.17190715438812723,5583,PRKCH
-0.6825361059352668,5.584621966477719,12.534531171841031,0.0034562879262466984,0.1725392141526019,4282,MIF
-1.3819494389463833,8.835418727744242,12.503253933203872,0.0034861624119059266,0.17346035152463282,6648,SOD2
0.5428464890618827,3.8976825457523425,12.489819136850715,0.0034990862298939543,0.17346035152463282,51275,MAPKAPK5-AS1
0.9993039139413967,4.863821577468157,12.478350375752829,0.003510162618107494,0.17346035152463282,338773,TMEM119
-0.6787582418664169,7.150931971026726,12.469225505872252,0.0035190042605954216,0.17346035152463282,79572,ATP13A3
-0.5551778214372489,5.464474215968426,12.447513866559731,0.003540145684358776,0.17350940747690566,5371,PML
2.2974516267587206,4.975631134807015,12.445475725715756,0.00354213782408994,0.17350940747690566,388364,TMIGD1
-0.7451939191349946,4.7057012367651145,12.356123666034488,0.003630760503098336,0.17729648251111033,3014,H2AX
0.6854512806346371,4.460103656042989,12.333252502567138,0.0036538552394748936,0.17787012695269863,5164,PDK2
-0.5047670449499854,5.550053838606845,12.306060261456892,0.0036815346049071333,0.1786162797149171,4217,MAP3K5
-1.8595625932818338,1.5310569026614014,12.290588799702494,0.0036973913897692715,0.1786162797149171,419,ART3
-0.9447973413875516,7.661747070605354,12.284777469665094,0.003703367840979142,0.1786162797149171,6772,STAT1
-0.6846560730185667,6.176637898639666,12.247067523734657,0.0037424217507643315,0.1799461992123647,64841,GNPNAT1
-0.6931909372268289,2.6193973899262653,12.231007459217738,0.003759198609518729,0.17996887343957624,390637,GDPGP1
-2.0856009071058406,1.474272907522506,12.208956972523076,0.00378237510451781,0.17996887343957624,138065,RNF183
-1.1638330455098942,6.594065100731011,12.203584201383041,0.0037880472389937364,0.17996887343957624,55971,BAIAP2L1
-0.6052520812508118,7.151444781698301,12.186455322277501,0.00380619627805779,0.17996887343957624,7086,TKT
-0.528005430260386,5.010269482367886,12.182579781299523,0.003810316572245778,0.17996887343957624,29071,C1GALT1C1
0.9525080572551435,1.7845509104611892,12.176305729265476,0.0038169977880239264,0.17996887343957624,84765,ZNF577
1.8079023754110526,7.35764568469105,12.170434610877841,0.0038232621917307103,0.17996887343957624,11240,PADI2
-0.7717517855420178,5.828641380140714,12.15176283837532,0.0038432638770436187,0.18036874632532554,65059,RAPH1
-0.6424503745426227,3.9796502574691126,12.116225087137128,0.0038816680676434403,0.18129974997381357,9435,CHST2
-2.0429609323374303,1.8345622219017816,12.11202711922235,0.003886233875036769,0.18129974997381357,653381,SORD2P
-1.615035840748348,3.7753586248801554,12.074121379897042,0.0039277434335908586,0.181665440534226,8942,KYNU
-1.58067178048044,3.0683130760457167,12.050737506107863,0.0039536061309318185,0.181665440534226,9076,CLDN1
-1.8887919917627791,3.3101924276146826,12.033595739510185,0.003972690136807051,0.181665440534226,2219,FCN1
0.9633145101533177,2.9478659040802793,12.033514158800546,0.003972781215308631,0.181665440534226,3037,HAS2
-1.885656129512938,7.188957799511781,12.028877364163566,0.003977961805754235,0.181665440534226,30001,ERO1A
-0.5580641099870791,3.1948817157641898,12.025719042248717,0.003981495003216993,0.181665440534226,84769,MPV17L2
-0.6602219387080529,5.262765434440039,12.01970315600094,0.003988234985956466,0.181665440534226,3717,JAK2
-0.5963206565879955,4.738876264827584,12.01106052515464,0.0039979409844225575,0.181665440534226,5373,PMM2
-0.9985995273930015,6.495503330685906,11.986801904178495,0.004025330591630272,0.181665440534226,64866,CDCP1
-0.6043689073349093,5.793306053446171,11.982240094247404,0.004030505385846608,0.181665440534226,55974,SLC50A1
-0.5725769666188966,5.134472785251663,11.980405295616988,0.004032588900935397,0.181665440534226,10237,SLC35B1
-2.0846792642311183,3.8853797913581585,11.979914337308658,0.0040331466223866444,0.181665440534226,54716,SLC6A20
-0.5103777743781989,5.676545860444522,11.904091258652906,0.004120361218117912,0.18421464813865696,112939,NACC1
-2.5330435635159065,2.052920964968489,11.902769676681409,0.0041219005771879185,0.18421464813865696,4210,MEFV
-0.817353291966454,8.32924189245375,11.890379538441266,0.004136364818977955,0.18421464813865696,26020,LRP10
1.5619729090008672,0.35714090514719465,11.890050281494613,0.004136749993289139,0.18421464813865696,110806298,C17orf113
0.7158956221924976,3.5319585703152168,11.863324059907416,0.004168153890039265,0.18508615075920007,8462,KLF11
-0.6679029391633273,9.4683937410325,11.846426873771028,0.004188150709432851,0.18508615075920007,811,CALR
-1.1974950764174312,7.09939861151205,11.837788655704244,0.004198416375975099,0.18508615075920007,79838,TMC5
1.0319951487085148,2.65027490142289,11.828566792104965,0.004209407778938604,0.18508615075920007,248,ALPI
-0.5127116265962192,8.236333547072027,11.815237271588066,0.004225353908636443,0.18508615075920007,7415,VCP
-0.5017971326962576,4.851162462318653,11.81372541588337,0.0042271669519485565,0.18508615075920007,283209,PGM2L1
1.3204593327963363,0.14041539722881727,11.794841114106132,0.004249889308987498,0.18556271565008084,100507557,FBXO30-DT
-1.603507868016963,0.792019002049341,11.765833136619674,0.004285068622320765,0.18647212299080768,283748,PLA2G4D
1.7971620987763273,1.5236415765739506,11.744806679093742,0.004310778990745755,0.18647212299080768,364,AQP7
-0.74806152573032,5.877669038609682,11.738591707685266,0.004318412558447854,0.18647212299080768,10797,MTHFD2
0.6044941485198332,3.235813247927926,11.730367265688406,0.004328538315674851,0.18647212299080768,126075,CCDC159
1.200572931575711,7.051620390529184,11.729021388949242,0.00433019794377378,0.18647212299080768,4638,MYLK
1.1688678636776815,1.8408341555777605,11.703683460394826,0.004361580443254313,0.18681704786571698,137872,ADHFE1
1.0069344746865538,0.010918733561489797,11.703310780352888,0.004362043988443535,0.18681704786571698,100506755,MIR497HG
1.1289101142315865,4.160211828418284,11.686095426752418,0.004383518956836747,0.18692508968857444,1593,CYP27A1
-2.8223607855527693,4.143757185941973,11.682182760735271,0.004388416778653614,0.18692508968857444,8854,ALDH1A2
0.6650738281882226,2.78949016155633,11.670313180665854,0.004403313731141868,0.18705133532696147,203062,TSNARE1
-0.5299967160168695,5.203510531276297,11.593716523566362,0.004500865568623911,0.19040065548009305,23288,IQCE
-0.4127598929449549,5.517332015100342,11.587500548548558,0.004508891181828014,0.19040065548009305,10498,CARM1
1.2058498216330118,2.011894573785273,11.569985253888657,0.004531594850173784,0.19040065548009305,129049,SGSM1
-0.5137621714786643,5.352901585049765,11.568405034877676,0.00453364965711599,0.19040065548009305,23420,NOMO1
-1.2216644182350327,1.9719567872767372,11.558218091449513,0.004546921951328461,0.19040065548009305,168620,BHLHA15
-0.6675721792355825,8.721840487969004,11.543279274510224,0.004566466710585222,0.19040065548009305,7494,XBP1
-0.5634119676350138,5.320941375140239,11.531276497686143,0.004582240626224906,0.19040065548009305,6891,TAP2
-1.2191168444829719,4.655986720339238,11.513541201008232,0.004605663686794383,0.19040065548009305,9783,RIMS3
0.6480151808380069,2.923715316823952,11.506980747804615,0.004614363172744405,0.19040065548009305,84527,ZNF559
0.9724499163385278,4.937538137996612,11.506889868856817,0.004614483816159164,0.19040065548009305,58480,RHOU
1.8171964423900435,1.5733538112789036,11.500196639049888,0.004623379237456096,0.19040065548009305,55554,KLK15
-2.4958559803267284,11.21942163627755,11.489728940753428,0.004637330800184406,0.19040065548009305,10562,OLFM4
1.204039867603644,3.975741876434173,11.482592601574828,0.004646870183117679,0.19040065548009305,7068,THRB
0.4688498060564423,4.969197770085148,11.468304518448987,0.0046660378571587585,0.19040065548009305,7582,ZNF33B
0.5080022105662038,4.948184799590139,11.463512968417119,0.0046724862625389454,0.19040065548009305,5144,PDE4D
-0.6354936549990968,4.162553727504759,11.452118810040897,0.004687861826203748,0.19040065548009305,1849,DUSP7
-0.6186917741475941,6.682594284906369,11.423027844882025,0.0047273841633679245,0.19040065548009305,80331,DNAJC5
1.9341679725487202,1.054168177716111,11.407503350534524,0.004748633096878103,0.19040065548009305,55504,TNFRSF19
0.6747161577246054,3.8652993112297307,11.402893724770117,0.004754963721174674,0.19040065548009305,57209,ZNF248
-2.9409495346132526,2.5913718393894962,11.399951754207677,0.004759009178045572,0.19040065548009305,51129,ANGPTL4
1.5639319468676256,6.314971258747866,11.39454090806172,0.00476645994866411,0.19040065548009305,126,ADH1C
0.9344282830139241,3.7229186015932743,11.38440047517006,0.004780459772026709,0.19040065548009305,5090,PBX3
-0.4463925115990113,6.334903740326073,11.367082387354618,0.004804479188901261,0.19040065548009305,51061,TXNDC11
-0.7958150017618191,8.234743983623225,11.364626424220488,0.004807896794050232,0.19040065548009305,57674,RNF213
0.6449610587818084,3.929626754738198,11.364568518904829,0.004807977406356548,0.19040065548009305,117583,PARD3B
-1.191306992773957,6.622996921531063,11.36385379905086,0.004808972525249636,0.19040065548009305,10226,PLIN3
1.0594658474255705,0.9975457568223058,11.363028557169999,0.004810121822654982,0.19040065548009305,101928153,ITGA9-AS1
1.659946670446616,4.415301753744737,11.335654133728928,0.004848426363962364,0.19143345908088175,10351,ABCA8
0.7846406270961264,4.3647640131661145,11.298053397698055,0.004901617252308925,0.19289572666682026,79148,MMP28
0.8190060118636742,5.161579763114369,11.288841577493894,0.004914751296076473,0.19289572666682026,23492,CBX7
-1.0061266883046265,6.622081227270979,11.275209787281431,0.004934262049612628,0.19289572666682026,4860,PNP
0.8485688358579884,2.6580793175872013,11.27491501466883,0.004934684937377667,0.19289572666682026,5463,POU6F1
1.5744508841714357,1.1470239287001511,11.259482046019771,0.004956884134132145,0.19328148955851085,7434,VIPR2
1.6023699186968972,1.3701482729800167,11.242343577646485,0.004981672123260671,0.19376603109704968,2949,GSTM5
-0.5360032652107403,8.026041731483586,11.23215120185767,0.004996481742665926,0.19386101810962472,10959,TMED2
2.362570181713895,2.448632882512123,11.212475149331743,0.005025215595164877,0.19449445544249244,477,ATP1A2
-1.5854191242371527,2.242420280975516,11.18679223052211,0.005063009755105378,0.19547457613614977,28893,IGKV1D-39
-0.4877702236798719,5.675169395856271,11.177571782602675,0.0050766584470493354,0.1955199537039271,55973,BCAP29
1.0685251322156595,2.772073129197891,11.144066903638315,0.005126614272341099,0.19695999686016358,26960,NBEA
-0.5992976203522817,4.662544362607388,11.132283475532336,0.0051443184457044934,0.19715694776630302,9111,NMI
-2.3765898535452097,4.837785856642714,11.117303007489603,0.005166928319121034,0.19740677548862592,3620,IDO1
0.6995924882043034,3.097468806192404,11.111297572804146,0.005176024543912297,0.19740677548862592,219749,ZNF25
-0.7856938938942131,6.525572577498781,11.042107360256926,0.005282172817604054,0.20016299061087844,11187,PKP3
-0.908787506342251,5.683789930772809,11.03456963247593,0.005293888316386158,0.20016299061087844,115361,GBP4
1.0812170973650779,4.218528874867974,11.026179542140618,0.00530696398583589,0.20016299061087844,10082,GPC6
-0.6102998932975165,5.02970472326397,11.02167937734008,0.005313992740759451,0.20016299061087844,64374,SIL1
-1.1112186917113656,2.732536280399962,11.006710684167405,0.005337449822676781,0.20016299061087844,221150,SKA3
-0.6347793571306309,4.934487132217273,11.006564337726152,0.0053376797496234255,0.20016299061087844,6737,TRIM21
-0.6775620810561916,6.972218157847643,10.997809077941328,0.005351456145562504,0.2002006565195519,55612,FERMT1
-0.6758352495766466,6.428755527312152,10.985652867403314,0.005370652240627544,0.2004404139805637,57169,ZNFX1
1.3475629222246885,0.6305513830401633,10.96406016195137,0.0054049465708774684,0.20124118170666108,161835,FSIP1
1.9052601118505528,5.987004124214231,10.926659190870343,0.005464949845890651,0.20244816054623677,63928,CHP2
-0.47777219289796186,5.389087151761713,10.92447617320161,0.005468475865305887,0.20244816054623677,6455,SH3GL1
-0.6492986926059577,3.9330286829420262,10.919755495557867,0.005476109733435687,0.20244816054623677,990,CDC6
-1.0896410564986365,5.724273234849862,10.86663210868986,0.005562872405639185,0.20406380277236402,9246,UBE2L6
-0.8264928975667052,6.549879011301005,10.861070569920166,0.005572047363007234,0.20406380277236402,5214,PFKP
-1.2838750528953673,5.379501907931504,10.859371379141225,0.005574854037824258,0.20406380277236402,3694,ITGB6
-0.46354190830558717,5.5078273356893925,10.845882400640113,0.005597192913131538,0.20406380277236402,10567,RABAC1
-0.7095734353249334,3.6468523326281344,10.840795294030345,0.005605644486917626,0.20406380277236402,10848,PPP1R13L
-0.3966640702512028,6.148948422803537,10.837611826836431,0.005610940924713805,0.20406380277236402,90411,MCFD2
-1.181348458287675,5.914806880318761,10.819714738575948,0.0056408249636457925,0.20467576691006434,1890,TYMP
-0.8824960350138654,3.031375601934096,10.805725200736857,0.005664312654031943,0.20505335069734576,1033,CDKN3
0.9467476712770654,2.1420952321143405,10.767224592537861,0.005729540051795979,0.2066053660913791,29799,YPEL1
-1.0553974992931356,4.074340443181709,10.75233684813812,0.005754995624119242,0.2066053660913791,1326,MAP3K8
0.5755675131482737,7.684932328952589,10.751016394067928,0.005757259697288188,0.2066053660913791,6430,SRSF5
0.7643408838329891,4.680817100070675,10.740306276155716,0.0057756616069150665,0.2066053660913791,5333,PLCD1
-1.8645273938804015,3.7650910432138853,10.723127935036649,0.005805319509168383,0.2066053660913791,29126,CD274
2.6971920437808286,1.2218135019042273,10.71347096174253,0.005822069410980919,0.2066053660913791,221662,RBM24
-0.718954261526492,6.05175015382764,10.711612135971636,0.005825299940631096,0.2066053660913791,2022,ENG
2.1275299454602057,4.17326713943167,10.702329894502698,0.0058414630256697735,0.2066053660913791,5239,PGM5
-0.3544456216479072,5.4881012526100355,10.698295477520439,0.005848504307512771,0.2066053660913791,3839,KPNA3
2.1944442905132804,1.3758805807982248,10.694828026163755,0.00585456391706537,0.2066053660913791,6236,RRAD
0.6541305913300255,2.465946091433341,10.683017018491013,0.0058752590936528215,0.2066053660913791,1521,CTSW
-0.810590027747978,2.4343611431403955,10.681153388947724,0.005878532266459654,0.2066053660913791,8693,GALNT4
0.877087819164037,2.0096011801676563,10.629383096886489,0.005970308427899266,0.20791456021688565,140612,ZFP28
0.5461568416341056,2.8302396490370736,10.60663972819885,0.006011150794917753,0.20791456021688565,27241,BBS9
1.1277054074372825,4.447920852684269,10.600724443913379,0.00602182638152008,0.20791456021688565,220963,SLC16A9
-1.7005023059632653,9.986847486501738,10.566105556746427,0.006084746783161844,0.20791456021688565,4680,CEACAM6
-1.3743725400987494,1.2919203416417235,10.562164614166642,0.00609195767009972,0.20791456021688565,83959,SLC4A11
-0.45889147144254383,6.109578932980573,10.560419529292458,0.006095153877160672,0.20791456021688565,64746,ACBD3
-0.4010069166642973,6.570775771879748,10.560019934364524,0.0060958860277955,0.20791456021688565,6732,SRPK1
-0.9228534269065535,4.233983460726892,10.551541662235048,0.006111444223745153,0.20791456021688565,56938,ARNTL2
1.1491979536955272,4.2130929330887925,10.551282099042053,0.006111921264624793,0.20791456021688565,80310,PDGFD
-1.0455678742333943,8.371100851775903,10.530836463109306,0.0061496333474935294,0.20791456021688565,5768,QSOX1
1.7990086233257592,8.865026274832495,10.524111113679528,0.00616209714890488,0.20791456021688565,1152,CKB
0.9775387105546126,5.397224230474554,10.50727132542696,0.006193434173670167,0.20791456021688565,288,ANK3
1.5434619595027,2.5639923304512813,10.503894795891393,0.0061997397247522314,0.20791456021688565,6799,SULT1A2
0.7748197575293468,1.2998002342977653,10.497217425194371,0.006212231387744372,0.20791456021688565,25809,TTLL1
1.4416823863620722,2.3459601105513728,10.492981431821633,0.00622017096793906,0.20791456021688565,163175,LGI4
-3.2329922242057054,3.2325766741200566,10.49058940594804,0.006224659567081548,0.20791456021688565,6556,SLC11A1
-0.46639185097020497,5.679516168599285,10.484692540245822,0.006235740977966445,0.20791456021688565,84640,USP38
-0.430663739336837,5.770320247717102,10.483179456844828,0.006238588052498618,0.20791456021688565,81555,YIPF5
0.9989764255339713,3.1783341659795683,10.4822173424991,0.006240399186087246,0.20791456021688565,27124,INPP5J
0.8462702695737179,3.3386249010281097,10.476755523353129,0.00625069234580324,0.20791456021688565,147694,ZNF548
-0.5011322306655084,5.352411359221597,10.473271971107778,0.0062572676022392875,0.20791456021688565,841,CASP8
-0.9541988015197389,2.2215078533658166,10.471511604384517,0.006260593367657606,0.20791456021688565,494143,CHAC2
-0.4411756334216191,6.5909387255397816,10.47148218877494,0.006260648958364914,0.20791456021688565,55681,SCYL2
0.8760574078336316,7.694729446177563,10.457876030103314,0.006286423790526691,0.2083291605000124,9588,PRDX6
0.6882101247079352,2.694648984611874,10.425459433993243,0.006348329043023509,0.20873979497814657,256051,ZNF549
-0.8241143287024737,4.546895295100588,10.415858623969049,0.006366798842966031,0.20873979497814657,92745,SLC38A5
-0.7315032018354314,4.792847027495474,10.415031195476882,0.006368393540930807,0.20873979497814657,26207,PITPNC1
-3.5176137973458497,5.886930960654321,10.407110133351859,0.0063836831968354345,0.20873979497814657,4314,MMP3
-0.5635341552775912,7.662531990829139,10.406335884148469,0.0063851799740419855,0.20873979497814657,823,CAPN1
0.9238311999136632,3.9209860324825394,10.40632026266883,0.006385210177643028,0.20873979497814657,9465,AKAP7
0.5031313348572941,4.538583538065052,10.402794167897367,0.006392031999330804,0.20873979497814657,84268,RPAIN
-1.0843931481073104,2.306811122686346,10.375200745655533,0.006445708651837702,0.20958783193233305,7447,VSNL1
0.4550724407024615,4.233438989360735,10.366454641041383,0.0064628310451348,0.20958783193233305,10229,COQ7
-0.6986133327274965,6.937585571884857,10.356937641683349,0.006481522528989884,0.20958783193233305,4643,MYO1E
-1.3199487393469052,3.7972113579275772,10.354064420983041,0.0064871778666432504,0.20958783193233305,6403,SELP
-5.373391148861059,5.5858869985898165,10.34632773876539,0.006502434361460117,0.20958783193233305,3576,CXCL8
-1.1356073117163692,6.034200656603699,10.34321854013926,0.006508577310479753,0.20958783193233305,28937,IGKV1-17
-1.1055470629112158,6.282789500400649,10.341691682097707,0.006511596437068338,0.20958783193233305,6523,SLC5A1
2.36577709150751,3.5732815529524937,10.322087670325717,0.006550504866511843,0.21000349352895542,6519,SLC3A1
0.6459213080102157,5.422795441272995,10.321685861024006,0.006551305156979853,0.21000349352895542,2908,NR3C1
-0.4679203390893919,7.464806472368025,10.301522399540167,0.006591610930423238,0.21086428843751887,2821,GPI
-0.5031169253016777,7.713036978481283,10.277423742820488,0.006640160425868895,0.2119847549399082,9276,COPB2
-0.44214242248812796,5.346735551772032,10.26789224927333,0.006659476960993951,0.21206662126144032,8986,RPS6KA4
-0.7663972969961178,0.4378656968940104,10.262820097062649,0.006669782729307182,0.21206662126144032,64146,PDF
-0.7609855248273295,7.157618733301675,10.253623950553717,0.006688514929893372,0.21223172373700122,5721,PSME2
-1.285920723870288,5.789880923235366,10.239320398323201,0.006717772003787041,0.2123396196464539,28775,IGLV7-46
-0.9364537049114833,7.709774862919037,10.235733401127353,0.006725132234860662,0.2123396196464539,3691,ITGB4
1.1790675100750923,2.195363069287742,10.223929249923367,0.006749419464210302,0.2123396196464539,6330,SCN4B
-0.5907058336565277,3.519693574833162,10.221169026041537,0.006755113321117816,0.2123396196464539,283219,KCTD21
0.8394644310828427,2.939655932747174,10.216105575240023,0.006765572807306981,0.2123396196464539,55779,CFAP44
-0.9057898204436603,7.734635514064807,10.208877807942073,0.006780535616959303,0.2123396196464539,307,ANXA4
-0.42837185068493056,5.953736780218037,10.205886208767556,0.00678673999635556,0.2123396196464539,5717,PSMD11
-0.7700884607356265,6.65197364946116,10.191930076407244,0.006815771167213914,0.21243552704377403,2590,GALNT2
-1.8502688043892144,1.6143508989350788,10.185721741553637,0.006828731808200436,0.21243552704377403,56670,SUCNR1
0.8357059725846713,3.9113062457678573,10.183300958510518,0.006833793219715352,0.21243552704377403,10873,ME3
1.1681161668996678,4.34824440887325,10.178418208198474,0.006844015384823342,0.21243552704377403,23500,DAAM2
-0.5513562366697826,6.103216461137557,10.161389379072741,0.006879804601412285,0.2127018938912775,80854,SETD7
0.8347984808130977,3.7903542207819383,10.150522811089052,0.006902756050164154,0.2127018938912775,4045,LSAMP
0.7293593464448853,3.3155485305600494,10.145185378516054,0.00691406181367591,0.2127018938912775,126068,ZNF441
0.8646306048741171,3.033736273025123,10.137173694211786,0.006931072490322751,0.2127018938912775,9051,PSTPIP1
1.4285126370887067,3.4270885691755266,10.13579066381443,0.006934013893361583,0.2127018938912775,80144,FRAS1
-0.45654575214626164,6.551148951051387,10.124462814523579,0.006958160275837961,0.21302570766359383,26003,GORASP2
-0.8527751430670666,3.8741352758658616,10.109630486121317,0.006989924271865824,0.2130959260959089,9833,MELK
-0.5102048763558852,4.273290498618522,10.104366461022114,0.0070012377632786655,0.2130959260959089,8624,PSMG1
-0.8001247820152451,2.072497677906423,10.097994861334834,0.007014960065587847,0.2130998043180029,54478,PIMREG
-0.6041032596889856,6.684865310637007,10.0730937618636,0.007068888538794273,0.21323605382996919,64778,FNDC3B
1.5039511400701233,1.7717616899871262,10.07050776177036,0.007074516547887736,0.21323605382996919,5593,PRKG2
-0.5154157201600252,4.361512581329027,10.068244354606813,0.0070794467482311885,0.21323605382996919,8192,CLPP
-0.4566021689384186,7.550985130792258,10.065199016866265,0.007086086450738065,0.21323605382996919,23471,TRAM1
-0.989003132849102,3.517250502192835,10.061508777899624,0.007094141895743443,0.21323605382996919,112609,MRAP2
0.5431581862209476,4.246246370964691,10.053534740725372,0.007111584744009883,0.21323605382996919,5372,PMM1
0.699569448400858,2.1496827552069173,10.052126554917738,0.007114670248999929,0.21323605382996919,221322,TBC1D32
1.0643030608954331,1.0417442089894684,10.035991234424445,0.007150135659707116,0.21389003142349056,257000,TINCR
4.430949156009135,6.676642211352853,10.026479124258445,0.007171139260697587,0.21410972935511366,5105,PCK1
-0.6669477201029101,6.58287544162526,10.007947210593235,0.0072122651391464095,0.21492824345269954,5359,PLSCR1
-0.3702554711402894,5.876876531207264,9.992857466821597,0.00724595420221836,0.21539869965112343,51128,SAR1B
-1.29303412739257,1.6968785630173022,9.988580892903913,0.007255535146143105,0.21539869965112343,23541,SEC14L2
1.0230871937432193,3.750112544694679,9.977431667216747,0.007280582234330478,0.21573369853143712,6376,CX3CL1
0.7591878783512255,0.8762684138862917,9.961539940173518,0.007316456958474414,0.2161523854923378,79864,JHY
1.077378895661861,0.182799104995832,9.95296338112788,0.007335903200627124,0.2161523854923378,149111,CNIH3
0.8814943649775111,5.6401615104853855,9.949229990121996,0.007344386896328684,0.2161523854923378,10085,EDIL3
1.2910421436989838,0.44086505708834495,9.940799577154296,0.007363585899099993,0.2161523854923378,108,ADCY2
-1.5290266639910133,3.4677947773426543,9.94076699454211,0.007363660213901652,0.2161523854923378,55,ACP3
-0.343589481517803,4.68792063879401,9.9222459170436,0.007406044372154451,0.216990178567329,84287,ZDHHC16
0.9897592764388392,3.225428609692678,9.911459634350114,0.0074308583015842205,0.21702800189340404,257194,NEGR1
-1.7150590165186772,0.6131222308596654,9.909651964032328,0.007435026284960636,0.21702800189340404,199713,NLRP7
0.5663374513902671,6.495237741906954,9.882264118848951,0.00749850781005472,0.21824075744912944,57326,PBXIP1
1.1126123718369405,4.5562533945194374,9.879727530252026,0.0075044190280753285,0.21824075744912944,2487,FRZB
0.8689129954746195,3.758487311370666,9.867439143038306,0.007533132246354429,0.21827388145584706,23635,SSBP2
-0.7779448607796163,7.049043593520555,9.864805006958072,0.007539303771952681,0.21827388145584706,5045,FURIN
0.446809989472298,7.120969888213014,9.861381732058645,0.007547332934549863,0.21827388145584706,120,ADD3
-0.8686652782356746,4.164785836205126,9.83869213561375,0.0076008018526102965,0.2194154125960707,9493,KIF23
2.5864105662949948,1.8989712958190244,9.827092182876603,0.0076283071900140114,0.21980462353578975,222008,VSTM2A
0.4323731197012809,4.889352065905979,9.812751807407857,0.007662470181692229,0.22038389008812054,55900,ZNF302
0.8691602130359538,4.821704371481057,9.806094077538312,0.00767839112950457,0.2204373277563812,3707,ITPKB
-0.45114229215606033,5.219581256937955,9.792139465608962,0.0077118860785264165,0.22092585340208237,1104,RCC1
-1.4332998661343088,1.5502063573028133,9.7872774584685,0.007723596023243454,0.22092585340208237,81786,TRIM7
-1.0043495050525093,9.763543890102198,9.77123834750275,0.007762372015728058,0.2216305671157328,7103,TSPAN8
-0.830782222707381,0.7855792080086034,9.749733384838986,0.007814716981023756,0.22271943395917707,157574,FBXO16
1.0921087706862744,4.009517351816182,9.743169105327363,0.007830776473134446,0.22277208932192819,81035,COLEC12
-0.5240847093208932,6.230144778414911,9.72506681488767,0.007875262350106056,0.2235051555227043,58505,OSTC
0.7817504081658884,2.7747105880809437,9.710139579622918,0.00791216619049093,0.2235051555227043,91975,ZNF300
-0.47154540856341176,5.483556853999828,9.701102628399832,0.007934605232774485,0.2235051555227043,80315,CPEB4
-0.8786967145778336,5.5518621569334785,9.692977601558718,0.007954842962871814,0.2235051555227043,306,ANXA3
-0.7403871242082506,5.618159617670569,9.690023819428113,0.007962215044047701,0.2235051555227043,994,CDC25B
1.284405219952616,1.6578093681820134,9.688781219090878,0.007965318706769874,0.2235051555227043,23467,NPTXR
-0.4276521896501152,6.3295566248019295,9.686662269566524,0.007970614477651784,0.2235051555227043,23198,PSME4
-0.9817009161016845,3.9444584686046205,9.647313578735512,0.008069702316203735,0.22568501601242213,332,BIRC5
1.1528178068102157,1.1286641025472572,9.644379511775512,0.008077147941497213,0.22568501601242213,55124,PIWIL2
2.017228726996007,5.236919080973655,9.62287589221929,0.008131960376502425,0.22661295686651822,10580,SORBS1
0.8142042140012274,4.379052212829931,9.620020008241836,0.008139272390165854,0.22661295686651822,10000,AKT3
1.2704592248213782,0.06610889829514428,9.612866709287367,0.008157620713013269,0.22672110758241665,1740,DLG2
-2.3354354673513305,4.453674260220868,9.58347051005547,0.008233527833898404,0.22842575008204863,2214,FCGR3A
1.4337584689483234,2.7058817400856414,9.57442269996476,0.008257055833235879,0.22852152887118718,5764,PTN
-0.7920855793394024,2.3413526560711206,9.560469508713716,0.008293492870783646,0.22852152887118718,400986,ANKRD36C
0.7827981265354511,4.016808845722422,9.560407595432736,0.008293654964799554,0.22852152887118718,83700,JAM3
-0.3315680000673094,6.350526000704053,9.559781228477647,0.008295295051209283,0.22852152887118718,10899,JTB
-0.6976033602203722,9.310357243418613,9.55254550741978,0.008314268447225963,0.22864238229871398,2023,ENO1
-0.47115460369074896,4.718309168530573,9.502053201736267,0.00844807890747184,0.2312274812552328,22809,ATF5
0.5046340661243338,4.486726044171484,9.500845319739337,0.008451310399361159,0.2312274812552328,1060,CENPC
0.9396467064451829,-0.030168398918292594,9.50039104483951,0.008452526109042959,0.2312274812552328,27076,LYPD3
-1.6661896867107917,2.283614321610415,9.491297359870643,0.008476904943493955,0.23132012029730462,6781,STC1
0.9608602491557109,2.672540957659047,9.488125631942873,0.008485427060347698,0.23132012029730462,2775,GNAO1
0.8177743438454874,3.2822701785229635,9.468701169132121,0.008537836016302607,0.2313423271867488,159296,NKX2-3
1.8891634563050075,2.985715197736649,9.463706141780978,0.00855137369004806,0.2313423271867488,1410,CRYAB
-0.855881004366471,8.487375944989424,9.46296078300777,0.00855339591844667,0.2313423271867488,5230,PGK1
0.4397472348153596,3.7297242482222424,9.458840884086907,0.008564583605174439,0.2313423271867488,120227,CYP2R1
0.7977761358004388,4.219846436576796,9.456455587517118,0.008571068696394275,0.2313423271867488,65982,ZSCAN18
1.8012727849269832,0.5584307422515569,9.455086411918131,0.00857479375409895,0.2313423271867488,54798,DCHS2
-0.9586099605003107,4.490719076334947,9.438832242691563,0.008619159593073172,0.23213973646292432,83481,EPPK1
0.826242903720154,3.4431622000375635,9.413739677454204,0.008688173888896004,0.2331971330624056,50861,STMN3
-2.004824451339065,3.4339581233130594,9.402624058587245,0.008718950938735218,0.23333040334055885,57464,STRIP2
-0.4978653787137839,6.762222334456063,9.399323609862984,0.008728113601574218,0.23333040334055885,25998,IBTK
1.3087531590883112,4.60478241047117,9.392974753230344,0.008745770650518635,0.23333040334055885,27295,PDLIM3
1.138742696658664,4.096451781337945,9.390494024659299,0.00875268115880374,0.23333040334055885,10974,ADIRF
-1.220249402023471,2.6216719187946276,9.37758498612273,0.0087887439995375,0.23373391935996637,80320,SP6
-0.6627207260193593,8.259378033821987,9.367050035969351,0.008818302365556006,0.23373391935996637,29927,SEC61A1
-0.5702262628955491,7.915444122298532,9.366679879448402,0.008819343025591161,0.23373391935996637,396,ARHGDIA
-0.6221056813363093,6.851507699959014,9.363793444081312,0.008827462855572574,0.23373391935996637,5696,PSMB8
-0.4729584111893922,5.108641618647819,9.3343490207824,0.008910790472616599,0.23542467584377866,23130,ATG2A
-0.6782154658423839,9.231380977009284,9.330638401443643,0.008921356137237928,0.23542467584377866,2923,PDIA3
-1.5690832793849143,3.2856420026362563,9.318469009452318,0.008956109582783237,0.23564363308857614,6469,SHH
0.5179058035401345,3.1905744635446784,9.31138414120536,0.00897641495680406,0.23564363308857614,7746,ZSCAN9
0.46753360655460574,4.328249825177798,9.306336727206908,0.008990913536750637,0.23564363308857614,56731,SLC2A4RG
-1.1119725748380507,0.6028013671293149,9.295531285626993,0.009022043379344214,0.23564363308857614,2826,CCR10
-0.7473316784968127,6.2382063401943935,9.290129036457776,0.009037653833040143,0.23564363308857614,9926,LPGAT1
1.0009957230292479,-0.28236033618063916,9.283496897029112,0.009056861085793969,0.23564363308857614,399668,SMIM10L2A
0.4517390100305797,3.156812605880655,9.277830852641106,0.009073307975776424,0.23564363308857614,199870,FAM76A
1.0869750308686825,0.731899289311629,9.26495997284504,0.0091107973892854,0.23564363308857614,283140,LINC02762
1.180327268588121,0.16175982013921417,9.253466575875148,0.00914442658030315,0.23564363308857614,80108,ZFP2
-0.518578072158685,3.885767188798984,9.252034658849196,0.009148626392602421,0.23564363308857614,1841,DTYMK
-1.0807989373388955,4.073971303931604,9.251829859783086,0.009149227251185539,0.23564363308857614,5347,PLK1
1.2700183730430552,0.8626556178248125,9.250469106097166,0.009153220720496534,0.23564363308857614,375704,ENHO
-0.39393521705439605,5.84266158642999,9.243802709784049,0.00917281417112482,0.23564363308857614,5704,PSMC4
0.8040095566627533,4.840766397058626,9.232412786224504,0.009206403465073953,0.23564363308857614,7102,TSPAN7
0.5861674494629359,1.6760236591920965,9.23179735418848,0.00920822245765977,0.23564363308857614,345462,ZNF879
-1.0323724232175493,8.58566538067546,9.231062973342972,0.009210393565416792,0.23564363308857614,7113,TMPRSS2
-0.34724390543857914,5.092279786503823,9.229410150000415,0.009215282110577172,0.23564363308857614,27351,DESI1
1.8536454275295826,0.8879686772745228,9.198555815211364,0.00930709496815985,0.2376037681203675,81578,COL21A1
-0.7666333138091935,6.178098628984126,9.186643426736028,0.009342826300147983,0.23804626163017303,4067,LYN
0.694595752106791,6.825057971294921,9.182663215091559,0.009354800457045396,0.23804626163017303,2217,FCGRT
0.9367266815599192,2.815466197276459,9.151811313651404,0.009448222636687166,0.23955708749689897,3400,ID4
1.046105555338522,-0.17878575610482503,9.149511406447456,0.009455230220683297,0.23955708749689897,148345,C1orf127
-0.4693492600129249,6.713085239477132,9.147940031722175,0.00946002150944692,0.23955708749689897,5707,PSMD1
1.0006022879369252,0.6099110552847592,9.134551601085537,0.009500958767919785,0.24020569143087522,6261,RYR1
-0.4553482500947697,7.749271121696194,9.125692576093531,0.009528159711868309,0.240505480649816,1984,EIF5A
1.2570633886132874,1.7785120152068736,9.107504455931783,0.009584288756209166,0.24119824184760888,8320,EOMES
-1.8977682753272527,1.909240434629335,9.106829235547869,0.009586379883321233,0.24119824184760888,3310,HSPA6
-0.6474486628186279,4.912665128752705,9.09862067025445,0.009611843846964107,0.2412980649730242,6723,SRM
-0.7595739877682012,3.628012932060828,9.088641527382386,0.009642906187652862,0.2412980649730242,1943,EFNA2
-0.4035469152939848,5.93620639204281,9.08391733099578,0.009657651953944225,0.2412980649730242,113251,LARP4
1.5042443533925578,0.4224866229697618,9.08068351954683,0.009667760833881574,0.2412980649730242,102724105,ZNF528-AS1
-0.9167530756743086,5.59672743648762,9.076880500630203,0.009679664776131861,0.2412980649730242,5698,PSMB9
-0.8761524479623324,4.215132830901063,9.075908424440906,0.009682710230815452,0.2412980649730242,195814,SDR16C5
0.42643676889379667,3.52278053521662,9.05817400083212,0.009738466843715177,0.24230232980196095,9204,ZMYM6
-1.2450280322209428,7.409237628892471,9.042085320117147,0.009789371989835028,0.24318289372529964,3918,LAMC2
-0.46049673647372313,5.738907665070095,9.030221639216682,0.009827107042735901,0.24373402356785642,8565,YARS1
-1.0020250561130017,3.242737991536264,9.011780363886883,0.009886099417599312,0.24374245230229233,81607,NECTIN4
-0.49116742025021554,7.219132988969466,9.009308574321746,0.009894037712755141,0.24374245230229233,3418,IDH2
1.134927896525347,3.675250438121368,9.00513836861807,0.00990744735314297,0.24374245230229233,79974,CPED1
-0.9576240922625435,3.3741316699745716,9.002019846847432,0.009917489009457993,0.24374245230229233,51512,GTSE1
0.7911341625012482,5.162453117115139,8.997399898212612,0.009932386998804601,0.24374245230229233,55769,ZNF83
-0.44852985521631394,7.234341428579334,8.992534850008168,0.009948103462102011,0.24374245230229233,1535,CYBA
1.158582709681941,3.9991312825682326,8.9856331012612891,0.009970449024264057,0.24374245230229233,79981,FRMD1
-2.444915921634525,2.1313418209575783,8.979840590917416,0.009989248237357152,0.24374245230229233,6373,CXCL11
